,Flow*,P,Q,Remainder
Masked,92.54897952079773,5.981379842758178,0.3650591611862183,0.24600515365600018
Unmasked,92.41649925708771,18.755163049697877,83.17075462341309,0.24830136299132732
Masked R,92.5462996006012,0.2630674123764038,32.291055822372435,0.26542260646820637
Unmasked R,92.39126372337341,19.8350576877594,82.91837549209595,0.24452810287476723
