Flow*,unpreconditioning,P,Q,G(P | G(Q)),tentative eval,root detection,composing flowpipe,composing atomic,Total
0,88.37213158607483,0.0,12.241725444793701,131.7742040157318,288.2146944999695,3.1278114318847656,0.03366994857788086,27.06268286705017,112.30185198783875,232.61644083098508
