Flow*,P,Q,G(P | G(Q)),tentative eval,root detection,composing flowpipe,composing atomic,Total
0,108.08698558807373,5.6164703369140625,68.58469605445862,148.62561988830566,0.7612729072570801,0.0070989131927490234,10.180990219116211,62.52891492843628,182.5566964149475
