Flow*,P,Q,G(P | G(Q)),tentative eval,root detection,composing flowpipe,composing atomic,Total
0,75.55566310882568,4.549387216567993,56.24209713935852,121.83534383773804,0.6446905136108398,0.007787466049194336,8.687792778015137,50.675347089767456,136.6404058933258
