Flow*,P,Q,G(P | G(Q)),tentative eval,root detection,composing flowpipe,composing atomic,Total
0,71.81436109542847,3.5077080726623535,40.782063722610474,88.7828574180603,0.4841337203979492,0.011618852615356445,6.5302815437316895,36.728554487228394,116.33127975463867
