Flow*,unpreconditioning,P,Q,G(P | G(Q)),tentative eval,root detection,composing flowpipe,composing atomic,Total
0,93.5121054649353,32.35953497886658,0.4338970184326172,22.758782863616943,50.52939748764038,0.0,0.0032470226287841797,32.29382586479187,22.532164573669434,151.27498564097914
