Flow*,P,Q,G(P | G(Q)),tentative eval,root detection,composing flowpipe,composing atomic,Total
0,121.0097119808197,71.93225884437561,5.878956317901611,159.3242063522339,0.0,3.9332292079925537,69.02438974380493,0.013295173645019531,200.78380131721497
