Flow*,P,Q,G(P | G(Q)),tentative eval,root detection,composing flowpipe,composing atomic,Total
0,105.13356494903564,12.873172760009766,20.492443561553955,66.94585084915161,0.6370854377746582,1.3374710083007812,30.514626264572144,0.007495880126953125,138.78278040885925
