Flow*,P,Q,G(P | G(Q)),tentative eval,root detection,composing flowpipe,composing atomic,Total
0,98.92974352836609,27.261704206466675,101.67162799835205,258.15800046920776,4.432607412338257,7.268237590789795,112.9976327419281,0.03049635887145996,228.18194127082825
