Flow*,P,Q,G(P | G(Q)),tentative eval,root detection,composing flowpipe,composing atomic,Total
0,77.49094438552856,10.92689037322998,122.2347481250763,266.49951124191284,2.8994669914245605,0.03345060348510742,25.16610336303711,103.70634317398071,210.86780548095703
