Flow*,unpreconditioning,P,Q,G(P | G(Q)),tentative eval,root detection,composing flowpipe,composing atomic,Total
0,180.2134563922882,90.74034333229065,4.279311895370483,7.544207572937012,27.98375368118286,0.0,5.137493371963501,90.67382740974426,0.013752937316894531,194.21497585097677
