Flow*,P,Q,G(P | G(Q)),tentative eval,root detection,composing flowpipe,composing atomic,Total
0,79.05224585533142,4.507725715637207,22.516971111297607,54.32824897766113,1.804029941558838,0.27411651611328125,9.807852745056152,14.669542789459229,106.3654375076294
