Flow*,P,Q,G(P | G(Q)),tentative eval,root detection,composing flowpipe,composing atomic,Total
0,103.0949215888977,18.30405592918396,267.5315320491791,571.9630222320557,4.954633951187134,0.03876900672912598,43.80867648124695,234.73579144477844,389.2418739795685
