Flow*,P,Q,G(P | G(Q)),tentative eval,root detection,composing flowpipe,composing atomic,Total
0,79.89332818984985,10.710296154022217,19.21973967552185,60.14827632904053,0.6310634613037109,1.214583396911621,27.276227235794067,0.005953788757324219,110.12009978294373
