Flow*,unpreconditioning,P,Q,G(P | G(Q)),tentative eval,root detection,composing flowpipe,composing atomic,Total
0,85.09644317626953,0.0,13.044719457626343,195.7664611339569,417.8961510658264,3.6854941844940186,0.02837061882019043,35.278833866119385,167.92000675201416,294.26992341299774
