Flow*,unpreconditioning,P,Q,G(P | G(Q)),tentative eval,eval,root detection,composing flowpipe,composing atomic,Total
0,135.9420027732849,0.0,23.879762411117554,161.50931811332703,187.65445590019226,2.0259087085723877,1.5186703205108643,0.04091000556945801,49.10240292549133,131.36064338684082,323.76513140497264
