Flow*,P,Q,G(P | G(Q)),tentative eval,root detection,composing flowpipe,composing atomic,Total
0,76.3870689868927,8.424827814102173,37.4399528503418,91.90779304504395,0.57731032371521,0.004812479019165039,20.603299856185913,23.851558923721313,122.47974157333374
