Flow*,P,Q,G(P | G(Q)),tentative eval,root detection,composing flowpipe,composing atomic,Total
0,96.3142158985138,4.172062635421753,58.91688346862793,126.37049198150635,0.5562820434570312,0.015180110931396484,8.028117656707764,53.83171534538269,159.65296411514282
