Flow*,unpreconditioning,P,Q,G(P | G(Q)),tentative eval,eval,root detection,composing flowpipe,composing atomic,Total
0,135.44874501228333,128.47969031333923,1.98093581199646,3.2271153926849365,7.397557973861694,0.0,2.3572723865509033,2.6659727096557617,128.40310335159302,0.016740083694458008,271.546678632003
