Flow*,unpreconditioning,P,Q,G(P | G(Q)),tentative eval,eval,root detection,composing flowpipe,composing atomic,Total
0,126.73977541923523,0.0,62.41810345649719,96.47368454933167,159.00795245170593,4.547767162322998,6.314712047576904,8.20939564704895,139.46856665611267,0.054407596588134766,285.9501398179855
