Flow*,unpreconditioning,P,Q,G(P | G(Q)),tentative eval,eval,root detection,composing flowpipe,composing atomic,Total
0,107.1576132774353,0.0,29.305356979370117,43.50733757019043,72.94107627868652,1.2021727561950684,3.04906964302063,3.328448534011841,65.03325319290161,0.02297234535217285,180.29512979701394
