Flow*,unpreconditioning,P,Q,G(P | G(Q)),tentative eval,eval,root detection,composing flowpipe,composing atomic,Total
0,83.04165244102478,86.05878472328186,1.3516809940338135,1.7530500888824463,3.2064013481140137,0.0,1.3905322551727295,1.604212999343872,85.99114298820496,0.009186983108520508,172.45428245300718
