Flow*,unpreconditioning,P,Q,G(P | G(Q)),tentative eval,eval,root detection,composing flowpipe,composing atomic,Total
0,125.200270652771,109.24179315567017,2.1861236095428467,219.23749017715454,221.55639338493347,0.0,2.7487571239471436,0.02399468421936035,109.16070699691772,217.09774374961853,456.1948488049966
