Flow*,unpreconditioning,P,Q,G(P | G(Q)),tentative eval,root detection,composing flowpipe,composing atomic,Total
0,79.6707866191864,0.0,7.9347474575042725,47.55348491668701,111.2977843284607,0.6789042949676514,2.725477695465088,50.95363903045654,0.0061190128326416016,135.47703554699547
