Flow*,unpreconditioning,P,Q,G(P | G(Q)),tentative eval,eval,root detection,composing flowpipe,composing atomic,Total
0,84.75556373596191,0.0,11.77368450164795,52.09817981719971,63.95712447166443,1.0516750812530518,0.8666713237762451,0.014251470565795898,30.25203824043274,31.475055694580078,148.85805542398884
