Flow*,unpreconditioning,P,Q,G(P | G(Q)),tentative eval,eval,root detection,composing flowpipe,composing atomic,Total
0,97.76550531387329,101.23283100128174,3.579120635986328,7.014420032501221,10.715498447418213,0.0,5.35104775428772,4.910361289978027,101.16016411781311,0.031415700912475586,209.92028877604753
