Flow*,unpreconditioning,P,Q,G(P | G(Q)),tentative eval,root detection,composing flowpipe,composing atomic,Total
0,85.66436743736267,0.0,4.453480243682861,56.31678557395935,121.82602024078369,0.6510946750640869,0.011836528778076172,8.154309511184692,51.3004264831543,146.75971123599447
