Flow*,unpreconditioning,P,Q,G(P | G(Q)),tentative eval,root detection,composing flowpipe,composing atomic,Total
0,80.13457489013672,0.0,4.2483110427856445,53.82669186592102,116.39768505096436,0.6577444076538086,0.0034034252166748047,7.875444412231445,48.819191217422485,138.47201680199942
