Flow*,unpreconditioning,P,Q,G(P | G(Q)),tentative eval,root detection,composing flowpipe,composing atomic,Total
0,83.14010977745056,0.0,4.809262275695801,15.609918117523193,41.22487688064575,1.1337566375732422,0.5689547061920166,17.85489559173584,0.27897095680236816,103.91220728098415
