Flow*,unpreconditioning,P,Q,G(P | G(Q)),tentative eval,eval,root detection,composing flowpipe,composing atomic,Total
0,98.68790936470032,0.0,37.92876839637756,280.50309205055237,318.5545485019684,4.161961555480957,3.414088726043701,0.03946566581726074,79.84134840965271,229.44330501556396,417.4251238820143
