Flow*,unpreconditioning,P,Q,G(P | G(Q)),tentative eval,eval,root detection,composing flowpipe,composing atomic,Total
0,115.45031905174255,0.0,24.004281759262085,139.77170872688293,166.56529998779297,1.7610690593719482,1.4652440547943115,0.05411863327026367,42.34014654159546,116.86348915100098,282.23074252397055
