Flow*,P,Q,G(P | G(Q)),tentative eval,root detection,composing flowpipe,composing atomic,Total
0,96.1507933139801,13.429886817932129,149.18557000160217,325.43702268600464,2.9088070392608643,0.04332304000854492,29.722697734832764,128.26155614852905,259.0332305431366
