Flow*,unpreconditioning,P,Q,G(P | G(Q)),tentative eval,root detection,composing flowpipe,composing atomic,Total
0,87.82661938667297,0.0,8.4982328414917,36.493319272994995,90.22336626052856,0.6858739852905273,2.1935014724731445,41.182361125946045,0.005653858184814453,133.12764606799465
