Flow*,P,Q,G(P | G(Q)),tentative eval,root detection,composing flowpipe,composing atomic,Total
0,113.84211301803589,9.912612199783325,18.27864980697632,56.62417793273926,0.8310630321502686,1.1354494094848633,25.467405319213867,0.0068585872650146484,142.34367394447327
