Flow*,unpreconditioning,P,Q,G(P | G(Q)),tentative eval,root detection,composing flowpipe,composing atomic,Total
0,82.45868420600891,0.0,21.018694400787354,67.8928530216217,178.02934074401855,3.92452073097229,4.946543216705322,77.06955695152283,0.020245075225830078,171.68387442297535
