Flow*,unpreconditioning,P,Q,G(P | G(Q)),tentative eval,eval,root detection,composing flowpipe,composing atomic,Total
0,77.4685754776001,0.0,15.583584308624268,66.51331543922424,82.17334413528442,2.663721799850464,2.3132119178771973,5.347451448440552,71.55480599403381,0.029231548309326172,159.77024033199996
