Flow*,unpreconditioning,P,Q,G(P | G(Q)),tentative eval,root detection,composing flowpipe,composing atomic,Total
0,170.04661965370178,70.59489631652832,2.7600913047790527,5.80085301399231,20.95154571533203,0.0,3.876615524291992,70.52921080589294,0.011371135711669922,180.55834766398766
