Flow*,unpreconditioning,P,Q,G(P | G(Q)),tentative eval,root detection,composing flowpipe,composing atomic,Total
0,80.29077577590942,0.0,12.683963537216187,176.21969175338745,378.0902795791626,3.339939832687378,0.029565095901489258,31.42463445663452,152.21379590034485,269.47401985598844
