Flow*,P,Q,G(P | G(Q)),tentative eval,root detection,composing flowpipe,composing atomic,Total
0,99.31719064712524,18.842398166656494,73.08998680114746,184.1429362297058,4.2053070068359375,5.53037428855896,79.20789361000061,0.028911828994750977,191.56620359420776
