Flow*,unpreconditioning,P,Q,G(P | G(Q)),tentative eval,eval,root detection,composing flowpipe,composing atomic,Total
0,125.5402410030365,0.0,36.826472997665405,76.39781475067139,113.3579683303833,1.7807538509368896,4.592827081680298,4.810009717941284,101.80028176307678,0.024766206741333008,239.1089109449822
