Flow*,P,Q,G(P | G(Q)),tentative eval,root detection,composing flowpipe,composing atomic,Total
0,121.80045771598816,92.73265433311462,7.6722328662872314,204.936927318573,0.0,5.2480854988098145,88.81437039375305,0.014892578125,224.32746028900146
