Flow*,unpreconditioning,P,Q,G(P | G(Q)),tentative eval,eval,root detection,composing flowpipe,composing atomic,Total
0,100.13379216194153,82.56839203834534,1.4899044036865234,157.45530724525452,159.06738018989563,0.0,1.9930825233459473,0.01953125,82.49591374397278,155.88689017295837,341.92521889397176
