Flow*,unpreconditioning,P,Q,G(P | G(Q)),tentative eval,root detection,composing flowpipe,composing atomic,Total
0,81.42927384376526,0.0,8.555688858032227,38.00287389755249,93.32413482666016,0.5656111240386963,0.0033502578735351562,21.078295469284058,24.12482500076294,128.21053110601497
