Flow*,unpreconditioning,P,Q,G(P | G(Q)),tentative eval,root detection,composing flowpipe,composing atomic,Total
0,75.21374821662903,0.0,3.9099605083465576,45.893378496170044,99.80055093765259,0.5113189220428467,0.005719423294067383,7.0814149379730225,41.562116622924805,125.26288306197966
