Flow*,P,Q,G(P | G(Q)),tentative eval,root detection,composing flowpipe,composing atomic,Total
0,110.53452706336975,5.4070658683776855,28.103113889694214,67.23782014846802,1.9640388488769531,0.24602150917053223,11.96869421005249,18.765548944473267,144.3331139087677
