Flow*,unpreconditioning,P,Q,G(P | G(Q)),tentative eval,eval,root detection,composing flowpipe,composing atomic,Total
0,90.88690376281738,0.0,43.43037962913513,65.47160744667053,109.00208687782288,3.0170600414276123,4.709714889526367,5.388642311096191,95.49602890014648,0.040128469467163086,200.07719982997514
