Flow*,unpreconditioning,P,Q,G(P | G(Q)),tentative eval,root detection,composing flowpipe,composing atomic,Total
0,125.76876544952393,36.512019634246826,0.38800597190856934,23.486343145370483,51.3578314781189,0.0,0.0031015872955322266,36.44427037239075,23.261648178100586,151.45997610798804
