Flow*,unpreconditioning,P,Q,G(P | G(Q)),tentative eval,eval,root detection,composing flowpipe,composing atomic,Total
0,80.56059670448303,0.0,12.259815216064453,27.0086829662323,39.35901069641113,0.9307341575622559,1.0307939052581787,2.02156138420105,35.13645815849304,0.014539957046508789,120.05486375300097
