Flow*,unpreconditioning,P,Q,G(P | G(Q)),tentative eval,root detection,composing flowpipe,composing atomic,Total
0,89.67385077476501,92.29648232460022,3.7930729389190674,9.500769853591919,30.449610710144043,0.0,6.241371154785156,92.22741413116455,0.01665639877319336,197.34621802697075
