Flow*,unpreconditioning,P,Q,G(P | G(Q)),tentative eval,root detection,composing flowpipe,composing atomic,Total
0,81.87782526016235,0.0,5.17793345451355,20.893437147140503,52.382750034332275,1.935575246810913,0.2688624858856201,9.442107439041138,13.909216165542603,108.25533275099588
