Flow*,P,Q,G(P | G(Q)),tentative eval,root detection,composing flowpipe,composing atomic,Total
0,107.11688423156738,17.838675022125244,77.98485922813416,191.88998556137085,3.631089687347412,5.465206146240234,83.77423000335693,0.028061389923095703,203.2678472995758
