Flow*,unpreconditioning,P,Q,G(P | G(Q)),tentative eval,eval,root detection,composing flowpipe,composing atomic,Total
0,81.87929654121399,85.28537631034851,1.328880786895752,31.844149112701416,33.26035189628601,0.0,1.4341669082641602,0.005745649337768555,85.21911120414734,31.5584454536438,200.5540740889992
