Flow*,unpreconditioning,P,Q,G(P | G(Q)),tentative eval,root detection,composing flowpipe,composing atomic,Total
0,162.78149342536926,69.11743187904358,0.7326309680938721,1.0113141536712646,7.032727241516113,0.0,0.7784345149993896,69.05150079727173,0.0028984546661376953,166.34473370798514
