Flow*,unpreconditioning,P,Q,G(P | G(Q)),tentative eval,eval,root detection,composing flowpipe,composing atomic,Total
0,81.34385991096497,86.90871524810791,3.2943499088287354,115.31358456611633,118.70075821876526,0.0,5.485924005508423,0.016421794891357422,86.83878874778748,112.55550265312195,287.0852468630037
