Flow*,unpreconditioning,P,Q,G(P | G(Q)),tentative eval,eval,root detection,composing flowpipe,composing atomic,Total
0,136.26260423660278,109.08539819717407,0.959181547164917,85.24174451828003,88.27965211868286,0.0,0.8945801258087158,0.010712623596191406,109.00870370864868,84.55435967445374,333.7939105659898
