Flow*,unpreconditioning,P,Q,G(P | G(Q)),tentative eval,root detection,composing flowpipe,composing atomic,Total
0,85.41536045074463,0.0,3.2509825229644775,30.099851369857788,67.02492237091064,0.8245739936828613,0.00442814826965332,28.07490587234497,4.2896928787231445,119.07905793198734
