Flow*,P,Q,G(P | G(Q)),tentative eval,root detection,composing flowpipe,composing atomic,Total
0,106.01351857185364,4.415560245513916,40.32051753997803,89.72768115997314,1.2448160648345947,0.005196809768676758,37.7730553150177,5.505709409713745,151.07614040374756
