Flow*,P,Q,G(P | G(Q)),tentative eval,root detection,composing flowpipe,composing atomic,Total
0,83.93318843841553,22.688461303710938,56.26888465881348,158.18547201156616,3.1939525604248047,4.119385242462158,69.37904262542725,0.016588926315307617,163.20365643501282
