Flow*,unpreconditioning,P,Q,G(P | G(Q)),tentative eval,root detection,composing flowpipe,composing atomic,Total
0,81.45214295387268,0.0,12.31355595588684,21.21719193458557,67.27635478973389,0.5630719661712646,1.3129932880401611,30.85619831085205,0.005996227264404297,115.26174861800973
