Flow*,P,Q,G(P | G(Q)),tentative eval,root detection,composing flowpipe,composing atomic,Total
0,95.63666248321533,10.899566411972046,48.7265841960907,119.49818325042725,0.639298677444458,0.010866165161132812,26.104077577590942,31.951781511306763,155.61216950416565
