Flow*,unpreconditioning,P,Q,G(P | G(Q)),tentative eval,eval,root detection,composing flowpipe,composing atomic,Total
0,127.88405227661133,0.0,49.964385986328125,373.3545951843262,423.4508707523346,5.416797399520874,4.266125202178955,0.03588676452636719,106.59660243988037,304.9200463294983,551.5393993119942
