Flow*,unpreconditioning,P,Q,G(P | G(Q)),tentative eval,root detection,composing flowpipe,composing atomic,Total
0,76.07653975486755,0.0,3.8103532791137695,45.29810047149658,98.40168762207031,0.5028586387634277,0.01629924774169922,7.029478549957275,41.00052213668823,125.37917778399424
