Flow*,unpreconditioning,P,Q,G(P | G(Q)),tentative eval,root detection,composing flowpipe,composing atomic,Total
0,87.30678820610046,0.0,27.541420221328735,55.03438067436218,165.37445211410522,3.0878705978393555,4.318974733352661,72.73887372016907,0.019339323043823242,170.22582717399928
