Flow*,unpreconditioning,P,Q,G(P | G(Q)),tentative eval,root detection,composing flowpipe,composing atomic,Total
0,79.30561399459839,0.0,12.412270545959473,127.60521936416626,280.2913661003113,3.1395137310028076,0.04501843452453613,27.126834630966187,108.22646951675415,219.60231184301665
