Flow*,unpreconditioning,P,Q,G(P | G(Q)),tentative eval,eval,root detection,composing flowpipe,composing atomic,Total
0,128.42301750183105,136.9920675754547,4.73137903213501,9.668633460998535,14.522223472595215,0.0,7.1622631549835205,6.889277219772339,136.91071128845215,0.03562450408935547,280.16106282998226
