Flow*,unpreconditioning,P,Q,G(P | G(Q)),tentative eval,eval,root detection,composing flowpipe,composing atomic,Total
0,82.5636088848114,0.0,13.577700853347778,198.82227063179016,212.48358750343323,3.290205478668213,2.5788309574127197,0.03051924705505371,80.41138625144958,125.44607448577881,295.1870433860022
