Flow*,unpreconditioning,P,Q,G(P | G(Q)),tentative eval,root detection,composing flowpipe,composing atomic,Total
0,97.7642297744751,70.53432130813599,2.7160913944244385,6.371013164520264,21.881518840789795,0.0,4.204223394393921,70.46687936782837,0.013047456741333008,179.43565669699456
