Flow*,unpreconditioning,P,Q,G(P | G(Q)),tentative eval,root detection,composing flowpipe,composing atomic,Total
0,79.5630693435669,0.0,4.372803449630737,20.95011258125305,50.91126108169556,1.6646785736083984,0.2542119026184082,9.263443231582642,13.715488195419312,105.14670174597995
