Flow*,unpreconditioning,P,Q,G(P | G(Q)),tentative eval,eval,root detection,composing flowpipe,composing atomic,Total
0,79.52624940872192,86.3298270702362,3.352684259414673,8.217016458511353,11.664664268493652,0.0,5.462714672088623,5.824456691741943,86.25940728187561,0.029485702514648438,177.65082384100242
