Flow*,unpreconditioning,P,Q,G(P | G(Q)),tentative eval,root detection,composing flowpipe,composing atomic,Total
0,82.49771881103516,0.0,10.988692998886108,17.45018982887268,57.13785791397095,0.6304090023040771,1.145517349243164,25.916078329086304,0.005926847457885742,111.21168649900937
