Flow*,P,Q,G(P | G(Q)),tentative eval,root detection,composing flowpipe,composing atomic,Total
0,108.993647813797,5.542280673980713,95.23251438140869,201.85763263702393,0.7043285369873047,0.009634017944335938,11.128138780593872,88.0681095123291,210.07697176933289
