Flow*,P,Q,G(P | G(Q)),tentative eval,root detection,composing flowpipe,composing atomic,Total
0,79.44007229804993,7.188516139984131,31.419456958770752,77.45821905136108,0.575068473815918,1.7391157150268555,35.43212819099426,0.00532841682434082,118.36725163459778
