Flow*,P,Q,G(P | G(Q)),tentative eval,root detection,composing flowpipe,composing atomic,Total
0,116.0427896976471,5.892554998397827,17.87313461303711,47.949013233184814,1.092421054840088,0.7679352760314941,20.789905548095703,0.2922031879425049,140.20496916770935
