Flow*,unpreconditioning,P,Q,G(P | G(Q)),tentative eval,root detection,composing flowpipe,composing atomic,Total
0,90.12065386772156,69.41688013076782,0.6738896369934082,1.0102684497833252,6.979543685913086,0.0,0.7641289234161377,69.3486762046814,0.003154754638671875,163.24885383297806
