Flow*,unpreconditioning,P,Q,G(P | G(Q)),tentative eval,root detection,composing flowpipe,composing atomic,Total
0,81.77314448356628,0.0,4.954333782196045,14.74281096458435,39.78150224685669,1.2312452793121338,0.5399820804595947,17.039607524871826,0.26021623611450195,101.7942998049839
