Flow*,unpreconditioning,P,Q,G(P | G(Q)),tentative eval,eval,root detection,composing flowpipe,composing atomic,Total
0,116.20471835136414,111.1917953491211,1.5761733055114746,2.6042063236236572,5.979066610336304,0.0,1.8731045722961426,2.132378101348877,111.11649894714355,0.015605926513671875,233.69628771895077
