Flow*,unpreconditioning,P,Q,G(P | G(Q)),tentative eval,root detection,composing flowpipe,composing atomic,Total
0,81.92363357543945,0.0,8.890780210494995,37.43568181991577,92.88402843475342,0.6095216274261475,0.0033609867095947266,20.830347537994385,24.10157346725464,128.49996480799746
