Flow*,P,Q,G(P | G(Q)),tentative eval,root detection,composing flowpipe,composing atomic,Total
0,114.1904559135437,9.356218814849854,167.27435541152954,356.8128938674927,2.9230575561523438,0.023022174835205078,25.84833812713623,146.2396538257599,292.7726607322693
