Flow*,unpreconditioning,P,Q,G(P | G(Q)),tentative eval,root detection,composing flowpipe,composing atomic,Total
0,94.56551837921143,0.0,3.289806365966797,27.281962394714355,61.41909646987915,0.9800803661346436,0.025631189346313477,25.46885395050049,3.896730899810791,125.44865761100664
